City_ID,City,Country,Date,Lat,Lng,Max Temp,Humidity,Cloudiness,Wind Speed
0,Ajdabiya,LY,2021-03-21 18:47:19,30.7554,20.2263,64.96,67,0,19.93
1,Narsaq,GL,2021-03-21 18:47:19,60.9167,-46.05,26.6,68,75,11.5
2,New Norfolk,AU,2021-03-21 18:47:20,-42.7826,147.0587,59.0,73,17,2.15
3,Paamiut,GL,2021-03-21 18:47:20,61.994,-49.6678,22.96,82,100,11.07
4,Georgetown,MY,2021-03-21 18:45:12,5.4112,100.3354,84.0,78,20,6.82
5,Te Anau,NZ,2021-03-21 18:47:21,-45.4167,167.7167,46.58,96,100,1.05
6,Bodinayakkanur,IN,2021-03-21 18:47:21,10.0167,77.35,75.0,87,2,3.62
7,Hobart,AU,2021-03-21 18:47:22,-42.8794,147.3294,60.8,82,90,5.75
8,Port Alfred,ZA,2021-03-21 18:47:22,-33.5906,26.891,65.43,70,92,10.71
9,Vao,NC,2021-03-21 18:47:22,-22.6667,167.4833,75.15,75,92,18.21
10,Nioki,CD,2021-03-21 18:47:23,-2.7167,17.6833,72.93,90,44,2.86
11,Naze,JP,2021-03-21 18:47:23,28.3667,129.4833,55.27,70,83,21.59
12,Emba,KZ,2021-03-21 18:47:24,48.8264,58.1442,19.53,96,94,6.8
13,Bredasdorp,ZA,2021-03-21 18:47:24,-34.5322,20.0403,62.6,72,0,8.05
14,Castro,BR,2021-03-21 18:47:24,-24.7911,-50.0119,75.92,81,100,4.43
15,Oga,IT,2021-03-21 18:47:25,46.4631,10.347,41.0,50,75,6.91
16,Upernavik,GL,2021-03-21 18:47:25,72.7868,-56.1549,-8.81,90,100,3.8
17,Bathsheba,BB,2021-03-21 18:47:25,13.2167,-59.5167,84.2,54,20,20.71
18,Tuy Hoa,VN,2021-03-21 18:47:26,13.0833,109.3,75.2,89,46,10.27
19,Lensk,RU,2021-03-21 18:47:26,60.7253,114.9278,-25.58,96,87,0.94
20,Bluff,NZ,2021-03-21 18:47:26,-46.6,168.3333,53.01,94,100,3.0
21,Ushuaia,AR,2021-03-21 18:45:35,-54.8,-68.3,55.4,58,40,21.85
22,Thompson,CA,2021-03-21 18:47:27,55.7435,-97.8558,51.8,30,20,11.5
23,Busselton,AU,2021-03-21 18:47:27,-33.65,115.3333,66.99,92,68,3.0
24,Coquimbo,CL,2021-03-21 18:47:28,-29.9533,-71.3436,68.0,64,20,17.27
25,Yambio,SS,2021-03-21 18:47:28,4.5721,28.3955,69.89,93,100,2.66
26,Dikson,RU,2021-03-21 18:47:28,73.5069,80.5464,-11.81,64,100,4.97
27,Katsuura,JP,2021-03-21 18:47:29,35.1333,140.3,61.0,75,97,4.0
28,Kaohsiung,TW,2021-03-21 18:47:29,22.6163,120.3133,64.4,63,75,8.05
29,Cabo San Lucas,MX,2021-03-21 18:47:29,22.8909,-109.9124,86.0,29,1,5.75
30,Dubbo,AU,2021-03-21 18:47:29,-32.25,148.6167,64.4,94,75,12.66
31,Awbari,LY,2021-03-21 18:47:30,26.5921,12.7805,69.01,8,0,5.99
32,Rikitea,PF,2021-03-21 18:47:30,-23.1203,-134.9692,80.04,72,0,8.41
33,Kapaa,US,2021-03-21 18:47:31,22.0752,-159.319,71.6,68,20,20.71
34,Praia,CV,2021-03-21 18:47:31,14.9215,-23.5087,77.0,50,0,19.57
35,Ozernovskiy,RU,2021-03-21 18:47:31,51.5,156.5167,23.99,66,100,11.45
36,Mataura,NZ,2021-03-21 18:47:32,-46.1927,168.8643,53.01,94,100,3.0
37,Chuy,UY,2021-03-21 18:47:32,-33.6971,-53.4616,71.78,74,71,14.03
38,Pevek,RU,2021-03-21 18:47:33,69.7008,170.3133,-27.85,94,0,5.1
39,Westport,US,2021-03-21 18:47:11,41.1415,-73.3579,61.0,32,1,6.91
40,Concordia,AR,2021-03-21 18:47:33,-31.393,-58.0209,77.0,65,75,9.22
41,Arraial Do Cabo,BR,2021-03-21 18:47:33,-22.9661,-42.0278,87.8,65,20,20.71
42,Mount Gambier,AU,2021-03-21 18:47:34,-37.8333,140.7667,64.4,94,90,5.75
43,Port Elizabeth,ZA,2021-03-21 18:47:34,-33.918,25.5701,62.6,82,40,9.22
44,Sesimbra,PT,2021-03-21 18:47:35,38.4445,-9.1015,62.01,41,0,10.36
45,Cherskiy,RU,2021-03-21 18:47:35,68.75,161.3,-16.06,70,0,5.79
46,Sao Joao Da Barra,BR,2021-03-21 18:47:35,-21.6403,-41.0511,86.0,62,20,11.5
47,Juba,SS,2021-03-21 18:46:49,4.8517,31.5825,85.35,46,100,4.76
48,Porto Novo,BJ,2021-03-21 18:47:36,6.4965,2.6036,84.2,79,20,11.5
49,Madona,LV,2021-03-21 18:47:36,56.8533,26.217,27.86,80,18,9.93
50,Port Blair,IN,2021-03-21 18:47:36,11.6667,92.75,79.39,70,0,3.89
51,Cidreira,BR,2021-03-21 18:47:37,-30.1811,-50.2056,76.77,86,100,6.4
52,East London,ZA,2021-03-21 18:47:37,-33.0153,27.9116,64.4,68,0,12.66
53,Baghdad,IQ,2021-03-21 18:46:29,33.3406,44.4009,69.8,37,0,4.61
54,Fortuna,US,2021-03-21 18:47:38,40.5982,-124.1573,52.0,71,90,13.8
55,Geraldton,AU,2021-03-21 18:47:38,-28.7667,114.6,68.0,94,40,5.75
56,Bogorodskoye,RU,2021-03-21 18:47:38,56.55,37.8833,26.92,92,100,13.13
57,Guaraniacu,BR,2021-03-21 18:47:39,-25.1008,-52.8781,75.78,89,100,2.35
58,Koosa,EE,2021-03-21 18:47:39,58.5255,27.0795,32.0,86,90,13.8
59,Norman Wells,CA,2021-03-21 18:47:39,65.282,-126.8329,-14.8,76,20,4.61
60,Bubaque,GW,2021-03-21 18:47:40,11.2833,-15.8333,76.39,74,0,17.16
61,Tuatapere,NZ,2021-03-21 18:47:40,-46.1333,167.6833,53.01,94,100,3.0
62,San Cristobal,VE,2021-03-21 18:47:41,7.7669,-72.225,84.2,61,20,11.5
63,Aykhal,RU,2021-03-21 18:47:41,66.0,111.5,-33.12,99,72,7.83
64,Carnarvon,AU,2021-03-21 18:47:42,-24.8667,113.6333,75.2,83,0,6.91
65,Talnakh,RU,2021-03-21 18:47:42,69.4865,88.3972,-14.76,56,66,6.04
66,Ternate,ID,2021-03-21 18:47:42,0.8,127.4,80.92,81,100,3.87
67,Salalah,OM,2021-03-21 18:47:43,17.0151,54.0924,78.8,89,0,3.44
68,Shaunavon,CA,2021-03-21 18:47:43,49.6501,-108.4181,32.0,40,6,6.91
69,Leningradskiy,RU,2021-03-21 18:47:43,69.3833,178.4167,-11.58,97,100,8.99
70,Hilo,US,2021-03-21 18:46:10,19.7297,-155.09,71.6,73,90,6.91
71,Hambantota,LK,2021-03-21 18:47:44,6.1241,81.1185,73.4,100,40,2.3
72,Lebu,CL,2021-03-21 18:47:44,-37.6167,-73.65,63.55,63,0,8.81
73,Ugra,RU,2021-03-21 18:47:44,54.7777,34.3267,26.76,93,100,10.83
74,Buala,SB,2021-03-21 18:47:45,-8.145,159.5921,79.3,83,87,4.74
75,Santa Vitoria Do Palmar,BR,2021-03-21 18:47:45,-33.5189,-53.3681,72.7,73,46,14.38
76,Cardston,CA,2021-03-21 18:45:10,49.2,-113.3019,39.2,60,100,5.75
77,Novopokrovka,UA,2021-03-21 18:47:45,49.8425,36.5477,35.6,60,0,11.18
78,Mar Del Plata,AR,2021-03-21 18:47:46,-38.0023,-57.5575,64.4,68,75,14.97
79,Ketchikan,US,2021-03-21 18:47:46,55.3422,-131.6461,39.2,93,90,8.05
80,Eydhafushi,MV,2021-03-21 18:47:46,5.1033,73.0708,83.39,68,86,6.82
81,Olafsvik,IS,2021-03-21 18:47:47,64.8945,-23.7142,43.18,91,100,31.92
82,Ostrovnoy,RU,2021-03-21 18:47:47,68.0531,39.5131,21.27,91,100,3.94
83,Bonavista,CA,2021-03-21 18:47:47,48.6499,-53.1147,37.4,48,0,11.5
84,Nanortalik,GL,2021-03-21 18:47:48,60.1432,-45.2371,24.94,78,100,31.07
85,Punta Arenas,CL,2021-03-21 18:47:48,-53.15,-70.9167,59.0,51,75,19.57
86,Alofi,NU,2021-03-21 18:47:48,-19.0595,-169.9187,75.2,100,100,4.61
87,Saskylakh,RU,2021-03-21 18:47:49,71.9167,114.0833,-28.23,99,96,2.84
88,Krasnyy Chikoy,RU,2021-03-21 18:47:49,50.3643,108.7512,22.51,78,100,2.66
89,Albany,US,2021-03-21 18:43:05,42.6001,-73.9662,63.0,14,0,2.75
90,Klyuchi,RU,2021-03-21 18:47:49,52.2667,79.1667,30.85,84,94,11.03
91,Avarua,CK,2021-03-21 18:47:50,-21.2078,-159.775,78.8,89,75,2.3
92,Tortoli,IT,2021-03-21 18:47:50,39.9256,9.6572,46.4,49,40,23.02
93,Hasaki,JP,2021-03-21 18:47:50,35.7333,140.8333,54.0,94,75,8.05
94,Kamina,CD,2021-03-21 18:47:51,-8.7386,24.9906,67.26,83,100,2.48
95,Caravelas,BR,2021-03-21 18:47:51,-17.7125,-39.2481,81.63,67,100,6.69
96,Castanhal,BR,2021-03-21 18:47:52,-1.2939,-47.9264,77.0,88,40,5.75
97,Iracoubo,GF,2021-03-21 18:47:52,5.4802,-53.2011,80.11,84,82,11.05
98,Airai,TL,2021-03-21 18:47:52,-8.9266,125.4092,60.87,88,78,1.25
99,Sitka,US,2021-03-21 18:47:53,57.0531,-135.33,37.4,93,90,10.36
100,Jizan,SA,2021-03-21 18:47:53,17.3333,42.6667,82.4,74,0,4.61
101,Funadhoo,MV,2021-03-21 18:47:54,6.15,73.2667,83.88,65,81,2.86
102,Boyabat,TR,2021-03-21 18:47:54,41.4689,34.7667,44.08,93,100,3.22
103,Yellowknife,CA,2021-03-21 18:47:55,62.456,-114.3525,-0.99,59,40,12.66
104,Butaritari,KI,2021-03-21 18:47:55,3.0707,172.7902,82.4,77,100,17.98
105,Sambava,MG,2021-03-21 18:47:55,-14.2667,50.1667,79.18,83,97,9.22
106,Makakilo City,US,2021-03-21 18:47:55,21.3469,-158.0858,71.6,83,75,6.91
107,Itarema,BR,2021-03-21 18:47:56,-2.9248,-39.9167,82.53,68,100,14.18
108,Saldanha,ZA,2021-03-21 18:47:56,-33.0117,17.9442,68.0,60,0,9.22
109,Khash,IR,2021-03-21 18:47:56,28.2211,61.2158,56.34,24,0,1.83
110,Ndele,CF,2021-03-21 18:47:57,8.4109,20.6473,84.63,52,48,8.41
111,Vila Franca Do Campo,PT,2021-03-21 18:47:57,37.7167,-25.4333,59.0,77,75,6.91
112,Chifeng,CN,2021-03-21 18:47:57,42.2683,118.9636,31.35,36,0,9.4
113,Umm Lajj,SA,2021-03-21 18:47:58,25.0213,37.2685,83.91,31,0,6.64
114,Ust-Tsilma,RU,2021-03-21 18:47:58,65.441,52.1498,18.7,94,100,7.0
115,Comodoro Rivadavia,AR,2021-03-21 18:43:28,-45.8667,-67.5,80.6,28,0,11.5
116,Qaanaaq,GL,2021-03-21 18:47:58,77.484,-69.3632,-7.04,96,100,2.64
117,Japura,ID,2021-03-21 18:47:59,-0.3167,102.35,74.48,97,100,1.5
118,Uruana,BR,2021-03-21 18:47:59,-15.4981,-49.6875,80.49,74,0,5.37
119,Takayama,JP,2021-03-21 18:43:22,36.1333,137.25,43.0,85,99,1.01
120,Avera,US,2021-03-21 18:48:00,33.194,-82.5271,62.01,67,90,12.66
121,Barrow,US,2021-03-21 18:48:00,71.2906,-156.7887,-14.8,76,40,10.36
122,Nikolskoye,RU,2021-03-21 18:48:00,59.7035,30.7861,34.0,86,90,22.37
123,Rawson,AR,2021-03-21 18:48:01,-43.3002,-65.1023,77.13,26,0,15.84
124,Marzuq,YE,2021-03-21 18:48:01,14.4,46.4667,63.57,43,0,5.14
125,Vaini,TO,2021-03-21 18:48:02,-21.2,-175.2,73.4,100,75,10.36
126,Ilulissat,GL,2021-03-21 18:48:02,69.2167,-51.1,12.2,85,75,21.85
127,Mabaruma,GY,2021-03-21 18:43:15,8.2,-59.7833,84.51,55,19,7.34
128,Mackay,AU,2021-03-21 18:48:02,-21.15,149.2,78.8,83,90,4.61
129,Honningsvag,NO,2021-03-21 18:48:03,70.9821,25.9704,30.2,74,75,27.63
130,Torbay,CA,2021-03-21 18:48:03,47.6666,-52.7314,37.0,55,20,18.41
131,Touros,BR,2021-03-21 18:48:04,-5.1989,-35.4608,86.0,58,40,12.66
132,Puerto Ayora,EC,2021-03-21 18:48:04,-0.7393,-90.3518,86.0,62,20,10.36
133,Yumen,CN,2021-03-21 18:48:04,40.2833,97.2,32.22,24,0,6.44
134,Turukhansk,RU,2021-03-21 18:48:05,65.8167,87.9833,-2.36,88,100,19.15
135,Kruisfontein,ZA,2021-03-21 18:47:27,-34.0033,24.7314,61.0,77,57,1.01
136,Saint-Philippe,RE,2021-03-21 18:48:06,-21.3585,55.7679,78.8,83,90,16.11
137,Tiksi,RU,2021-03-21 18:48:06,71.6872,128.8694,-15.79,98,100,11.39
138,Chokurdakh,RU,2021-03-21 18:48:06,70.6333,147.9167,-11.81,80,71,5.37
139,Buldana,IN,2021-03-21 18:48:07,20.5333,76.1833,80.11,25,97,6.76
140,Tasiilaq,GL,2021-03-21 18:48:07,65.6145,-37.6368,33.8,75,75,9.22
141,Opuwo,NA,2021-03-21 18:48:08,-18.0607,13.84,71.82,65,88,8.37
142,Komsomolskiy,UZ,2021-03-21 18:48:08,40.4272,71.7189,46.4,87,0,2.3
143,Piraquara,BR,2021-03-21 18:48:09,-25.4417,-49.0633,86.0,51,75,6.91
144,Ancud,CL,2021-03-21 18:44:15,-41.8697,-73.8203,66.2,48,0,8.05
145,Hermanus,ZA,2021-03-21 18:48:09,-34.4187,19.2345,63.0,78,3,4.0
146,Laguna,US,2021-03-21 18:48:10,38.421,-121.4238,61.0,47,1,16.11
147,Powell River,CA,2021-03-21 18:48:10,49.8496,-124.5361,43.0,87,90,16.11
148,Tura,IN,2021-03-21 18:45:17,25.5198,90.2201,73.44,28,0,2.28
149,Kasongo-Lunda,CD,2021-03-21 18:48:11,-6.4667,16.8167,72.5,92,100,0.54
150,Wanning,CN,2021-03-21 18:48:11,18.8003,110.3967,68.58,85,100,14.5
151,Kununurra,AU,2021-03-21 18:44:47,-15.7667,128.7333,77.0,88,75,4.61
152,Victoria,HK,2021-03-21 18:44:12,22.2855,114.1577,62.01,68,90,1.01
153,Atuona,PF,2021-03-21 18:48:12,-9.8,-139.0333,80.44,77,0,14.79
154,Faanui,PF,2021-03-21 18:48:12,-16.4833,-151.75,83.44,69,2,9.55
155,Muros,ES,2021-03-21 18:48:12,42.7762,-9.0603,55.0,65,0,8.99
156,Shimonoseki,JP,2021-03-21 18:48:13,33.95,130.95,50.0,53,75,23.02
157,Kaitangata,NZ,2021-03-21 18:48:13,-46.2817,169.8464,55.99,88,100,1.99
158,Baillif,GP,2021-03-21 18:48:13,16.0202,-61.7463,82.4,61,20,16.11
159,Abu Dhabi,AE,2021-03-21 18:44:58,24.4667,54.3667,77.0,38,0,11.5
160,Ust-Nera,RU,2021-03-21 18:48:14,64.5667,143.2,-6.25,99,100,4.43
161,Khatanga,RU,2021-03-21 18:48:14,71.9667,102.5,-24.43,78,0,7.09
162,Raver,IN,2021-03-21 18:48:14,21.25,76.0333,80.94,24,0,2.35
163,La Palma,US,2021-03-21 18:48:15,33.8464,-118.0467,66.0,63,20,4.61
164,Kavieng,PG,2021-03-21 18:48:15,-2.5744,150.7967,82.74,74,97,6.2
165,Tucumcari,US,2021-03-21 18:48:16,35.1717,-103.725,69.8,21,1,11.5
166,Chapais,CA,2021-03-21 18:48:16,49.7834,-74.8492,51.8,24,1,20.71
167,Kodiak,US,2021-03-21 18:48:16,57.79,-152.4072,32.0,86,90,6.8
168,Kamennomostskiy,RU,2021-03-21 18:48:17,44.2983,40.1856,34.93,96,100,2.75
169,College,US,2021-03-21 18:48:17,64.8569,-147.8028,1.4,55,1,4.61
170,Otradnoye,RU,2021-03-21 18:48:17,59.7775,30.8181,34.0,86,90,22.37
171,Longyearbyen,SJ,2021-03-21 18:45:28,78.2186,15.6401,15.8,73,75,14.97
172,Tevriz,RU,2021-03-21 18:48:18,57.509,72.4042,21.78,96,100,4.54
173,Kaili,ID,2021-03-21 18:48:18,-3.4626,120.2147,67.66,97,100,2.13
174,Berlevag,NO,2021-03-21 18:48:18,70.8578,29.0864,28.4,86,75,17.27
175,Jamestown,US,2021-03-21 18:47:37,42.097,-79.2353,57.2,17,1,6.89
176,Jalu,LY,2021-03-21 18:48:19,29.0331,21.5482,74.34,20,13,15.28
177,Port-Cartier,CA,2021-03-21 18:48:19,50.0334,-66.8654,41.0,52,75,5.75
178,Hithadhoo,MV,2021-03-21 18:48:19,-0.6,73.0833,83.1,74,100,8.93
179,Madison,US,2021-03-21 18:46:47,34.7334,-86.5667,63.0,48,75,4.61
180,Halifax,CA,2021-03-21 18:47:56,44.6453,-63.5724,55.99,43,0,13.8
181,Bucak,TR,2021-03-21 18:48:20,37.4592,30.595,62.01,58,0,9.22
182,North Vernon,US,2021-03-21 18:48:20,39.0062,-85.6236,66.0,20,1,5.75
183,Samfya,ZM,2021-03-21 18:48:21,-11.3649,29.5565,69.39,81,94,1.97
184,Inverness,GB,2021-03-21 18:48:21,57.4791,-4.224,46.99,76,40,9.22
185,Loding,NO,2021-03-21 18:48:21,67.3,14.75,32.0,80,75,13.8
186,Hamilton,US,2021-03-21 18:46:59,39.1834,-84.5333,66.0,17,1,8.05
187,Krasnyy Yar,RU,2021-03-21 18:48:22,46.5331,48.3456,37.4,81,0,4.47
188,Babanka,UA,2021-03-21 18:48:22,48.7097,30.4483,33.08,66,0,7.18
189,Betafo,MG,2021-03-21 18:48:23,-19.8333,46.85,63.7,95,100,4.32
190,Husavik,IS,2021-03-21 18:48:23,66.0449,-17.3389,46.4,53,40,27.63
191,Port Macquarie,AU,2021-03-21 18:48:23,-31.4333,152.9167,66.0,99,100,14.58
192,Keti Bandar,PK,2021-03-21 18:48:24,24.1447,67.4497,75.85,87,23,10.07
193,Cape Town,ZA,2021-03-21 18:44:49,-33.9258,18.4232,68.0,60,0,20.71
194,Barcelos,PT,2021-03-21 18:48:24,41.5388,-8.6151,55.99,71,0,5.75
195,Lompoc,US,2021-03-21 18:48:24,34.6391,-120.4579,59.0,41,20,10.36
196,Jacobina,BR,2021-03-21 18:46:23,-11.1806,-40.5183,86.65,41,46,11.32
197,Kurchum,KZ,2021-03-21 18:48:25,48.5722,83.6542,25.74,89,100,0.54
198,Bay Roberts,CA,2021-03-21 18:48:25,47.5999,-53.2648,37.99,55,0,7.0
199,Dudinka,RU,2021-03-21 18:48:26,69.4058,86.1778,-10.73,61,100,7.83
200,Yurga,RU,2021-03-21 18:48:26,55.7231,84.8861,29.44,94,100,17.13
201,Asau,RO,2021-03-21 18:48:27,46.4333,26.4,34.0,55,33,4.54
202,Asyut,EG,2021-03-21 18:45:15,27.181,31.1837,89.6,35,0,6.44
203,Sasaram,IN,2021-03-21 18:48:27,24.951,84.0149,75.42,24,0,2.66
204,Palmer,US,2021-03-21 18:44:05,42.1584,-72.3287,63.0,17,40,4.61
205,Vostok,RU,2021-03-21 18:48:28,46.4856,135.8833,19.54,97,100,3.0
206,Yining,CN,2021-03-21 18:48:28,29.0361,114.5636,48.56,72,100,1.61
207,La Ronge,CA,2021-03-21 18:47:16,55.1001,-105.2842,21.2,53,100,16.11
208,Lavrentiya,RU,2021-03-21 18:48:28,65.5833,-171.0,0.7,82,100,3.76
209,Ust-Kuyga,RU,2021-03-21 18:48:29,70.0167,135.6,-8.27,86,85,5.23
210,Bengkulu,ID,2021-03-21 18:48:29,-3.8004,102.2655,75.47,91,100,6.73
211,Zhigansk,RU,2021-03-21 18:48:29,66.7697,123.3711,-17.81,92,100,20.2
212,Luderitz,NA,2021-03-21 18:48:30,-26.6481,15.1594,69.08,62,0,17.18
213,Mae Chan,TH,2021-03-21 18:48:30,20.1467,99.8526,75.0,88,49,3.44
214,Azul,AR,2021-03-21 18:48:30,-36.777,-59.8585,73.4,43,20,5.75
215,Grimshaw,CA,2021-03-21 18:45:37,56.1834,-117.6027,23.0,58,75,6.91
216,Fleetwood,GB,2021-03-21 18:48:31,53.9253,-3.0109,45.0,87,20,10.36
217,Thies,SN,2021-03-21 18:48:31,14.8342,-17.1061,73.4,60,0,16.11
218,Severo-Kurilsk,RU,2021-03-21 18:48:32,50.6789,156.125,27.57,83,100,21.54
219,Yulara,AU,2021-03-21 18:48:32,-25.2406,130.9889,64.4,100,90,8.05
220,Waverly,US,2021-03-21 18:48:32,42.7392,-84.6208,64.4,16,1,10.36
221,Pasighat,IN,2021-03-21 18:48:33,28.0667,95.3333,72.39,49,36,4.97
222,Nizwa,OM,2021-03-21 18:48:33,22.9333,57.5333,68.14,19,0,5.23
223,San Andres,CO,2021-03-21 18:48:34,12.5847,-81.7006,86.0,62,20,17.27
224,Peace River,CA,2021-03-21 18:48:34,56.2501,-117.286,23.0,58,75,6.91
225,Isangel,VU,2021-03-21 18:48:34,-19.55,169.2667,75.2,94,40,10.96
226,Sri Aman,MY,2021-03-21 18:48:35,1.2376,111.4621,75.2,94,98,1.32
227,Jumla,NP,2021-03-21 18:48:35,29.2747,82.1838,42.51,79,3,3.18
228,Amboasary,MG,2021-03-21 18:48:36,-25.0333,46.3833,78.8,83,0,21.85
229,Morondava,MG,2021-03-21 18:48:36,-20.2833,44.2833,81.09,77,0,7.85
230,Ribeira Grande,PT,2021-03-21 18:48:36,38.5167,-28.7,60.8,82,40,13.8
231,Cockburn Town,TC,2021-03-21 18:48:37,21.4612,-71.1419,80.6,74,40,11.5
232,Antofagasta,CL,2021-03-21 18:48:37,-23.65,-70.4,73.99,68,20,19.57
233,Broken Hill,AU,2021-03-21 18:48:37,-31.95,141.4333,68.0,83,90,6.91
234,Wewak,PG,2021-03-21 18:48:38,-3.5534,143.6268,79.34,82,35,3.02
235,Ponta Do Sol,PT,2021-03-21 18:48:38,32.6667,-17.1,60.8,48,40,9.22
236,Esperance,AU,2021-03-21 18:48:38,-33.8667,121.9,64.4,72,0,14.97
237,Portland,US,2021-03-21 18:48:38,45.5234,-122.6762,50.0,66,90,9.22
238,Holme,DK,2021-03-21 18:48:39,56.1138,10.1725,39.2,60,96,6.91
239,Podporozhye,RU,2021-03-21 18:48:39,60.9112,34.1706,29.75,96,95,8.97
240,Urumqi,CN,2021-03-21 18:48:40,43.801,87.6005,35.6,64,0,4.47
241,Coolum Beach,AU,2021-03-21 18:48:40,-26.5333,153.1,73.0,100,30,1.01
242,Vadlapudi,IN,2021-03-21 18:48:41,14.3167,79.8,76.12,69,59,8.01
243,Constitucion,CL,2021-03-21 18:48:41,-35.3333,-72.4167,65.75,64,3,7.85
244,Bilibino,RU,2021-03-21 18:48:41,68.0546,166.4372,-22.88,62,0,1.92
245,Shenjiamen,CN,2021-03-21 18:48:42,29.9576,122.298,46.4,60,68,11.48
246,Along,IN,2021-03-21 18:48:42,28.1667,94.7667,64.33,68,0,4.03
247,Pangnirtung,CA,2021-03-21 18:44:08,66.1451,-65.7125,-14.8,76,75,2.3
248,Dumai,ID,2021-03-21 18:48:43,1.6833,101.45,75.29,91,100,1.16
249,Kirakira,SB,2021-03-21 18:48:43,-10.4544,161.9205,78.13,86,100,5.19
250,Palana,RU,2021-03-21 18:48:43,59.1167,159.9667,-1.32,73,18,7.2
251,Saint Anthony,US,2021-03-21 18:48:44,45.0205,-93.218,61.0,44,75,24.16
252,Kodinsk,RU,2021-03-21 18:48:44,58.6881,99.1844,20.95,97,100,3.71
253,Preston,GB,2021-03-21 18:45:51,53.7667,-2.7167,45.0,87,20,10.36
254,Sorland,NO,2021-03-21 18:48:44,67.667,12.6934,33.8,75,75,2.3
255,Margate,GB,2021-03-21 18:47:39,51.3813,1.3862,48.99,73,100,5.01
256,Nouadhibou,MR,2021-03-21 18:48:45,20.931,-17.0347,68.0,68,80,16.11
257,Chicama,PE,2021-03-21 18:48:45,-7.8447,-79.1469,73.4,83,6,9.22
258,Mae Sot,TH,2021-03-21 18:44:27,16.7167,98.5667,75.33,59,45,1.25
259,Souillac,MU,2021-03-21 18:48:46,-20.5167,57.5167,78.8,89,75,10.36
260,Sur,OM,2021-03-21 18:48:46,22.5667,59.5289,75.47,57,0,4.68
261,Camacha,PT,2021-03-21 18:48:46,33.0833,-16.3333,60.8,55,75,9.22
262,Namatanai,PG,2021-03-21 18:48:47,-3.6667,152.4333,79.84,78,97,3.78
263,Klaksvik,FO,2021-03-21 18:48:47,62.2266,-6.589,44.6,100,90,12.66
264,Sakakah,SA,2021-03-21 18:48:47,29.9697,40.2064,78.8,13,0,4.61
265,Lagoa,PT,2021-03-21 18:48:48,39.05,-27.9833,58.73,76,100,12.57
266,Koppies,ZA,2021-03-21 18:48:48,-27.2418,27.5742,66.74,57,97,3.09
267,Clyde River,CA,2021-03-21 18:48:48,70.4692,-68.5914,-11.2,77,1,13.8
268,Honiara,SB,2021-03-21 18:48:49,-9.4333,159.95,75.87,79,100,3.33
269,Turtas,RU,2021-03-21 18:48:49,58.9417,69.1325,10.18,97,71,3.13
270,Nizhniy Tsasuchey,RU,2021-03-21 18:48:50,50.5167,115.1333,28.76,61,100,6.31
271,Cayenne,GF,2021-03-21 18:47:31,4.9333,-52.3333,82.4,74,90,13.8
272,Yerbogachen,RU,2021-03-21 18:48:50,61.2767,108.0108,-17.16,93,100,5.5
273,Bluefields,NI,2021-03-21 18:48:50,12.0137,-83.7635,84.2,74,40,9.22
274,Lorengau,PG,2021-03-21 18:48:51,-2.0226,147.2712,82.65,73,8,4.99
275,Bloomingdale,US,2021-03-21 18:48:51,27.8936,-82.2404,64.4,67,90,6.91
276,Porbandar,IN,2021-03-21 18:48:52,21.6422,69.6093,75.85,80,0,8.28
277,Tual,ID,2021-03-21 18:48:52,-5.6667,132.75,84.04,65,82,2.75
278,Podyuga,RU,2021-03-21 18:48:52,61.095,40.8647,25.61,94,100,9.53
279,Barmer,IN,2021-03-21 18:48:53,25.75,71.3833,78.94,31,100,12.26
280,Mitu,CO,2021-03-21 18:48:53,1.1983,-70.1733,90.5,50,100,2.77
281,Valparaiso,CL,2021-03-21 18:48:53,-33.0393,-71.6273,69.8,40,0,8.05
282,Tautira,PF,2021-03-21 18:48:54,-17.7333,-149.15,84.2,65,20,2.3
283,Saint-Pierre,RE,2021-03-21 18:48:54,-21.3393,55.4781,78.8,83,90,16.11
284,Jevargi,IN,2021-03-21 18:48:54,17.0167,76.7667,82.49,20,100,4.0
285,Barentu,ER,2021-03-21 18:48:55,15.1139,37.5928,75.52,29,75,8.23
286,Gladstone,AU,2021-03-21 18:48:55,-23.85,151.25,78.8,83,75,10.36
287,Yenagoa,NG,2021-03-21 18:48:55,4.9247,6.2642,79.39,86,13,6.17
288,Ascension,US,2021-03-21 18:48:56,30.2169,-90.9001,69.8,40,75,6.91
289,San Quintin,MX,2021-03-21 18:48:56,30.4833,-115.95,61.03,63,100,17.11
290,Provideniya,RU,2021-03-21 18:48:56,64.3833,-173.3,5.85,84,100,1.88
291,Tutoia,BR,2021-03-21 18:48:57,-2.7619,-42.2744,83.26,72,78,12.73
292,Mancio Lima,BR,2021-03-21 18:48:57,-7.6142,-72.8958,82.4,74,75,3.44
293,Gavrilov Posad,RU,2021-03-21 18:48:57,56.5597,40.1175,27.19,91,100,13.73
294,Tobermory,CA,2021-03-21 18:44:11,45.2501,-81.6665,48.2,34,0,8.05
295,Tromso,NO,2021-03-21 18:48:58,69.6496,18.957,26.6,68,40,13.8
296,Saint George,US,2021-03-21 18:48:58,37.1041,-113.5841,59.0,43,1,4.23
297,Tuktoyaktuk,CA,2021-03-21 18:48:58,69.4541,-133.0374,-18.4,76,40,8.05
298,Arlit,NE,2021-03-21 18:48:59,18.7369,7.3853,91.06,12,100,6.91
299,Kawalu,ID,2021-03-21 18:48:59,-7.3817,108.2082,73.18,95,100,0.56
300,Los Llanos De Aridane,ES,2021-03-21 18:48:59,28.6585,-17.9182,64.4,63,75,11.5
301,Ewa Beach,US,2021-03-21 18:46:52,21.3156,-158.0072,71.6,83,75,6.91
302,Borova,UA,2021-03-21 18:49:00,50.1763,30.1043,34.0,60,0,8.95
303,Kandiari,PK,2021-03-21 18:49:00,26.9156,68.5216,78.26,36,100,6.49
304,Hirara,JP,2021-03-21 18:49:01,24.8,125.2833,62.46,72,100,31.38
305,Phuket,TH,2021-03-21 18:49:01,8.0,98.25,78.8,89,20,1.14
306,Sinnamary,GF,2021-03-21 18:49:01,5.3833,-52.95,80.29,83,100,10.92
307,Cukai,MY,2021-03-21 18:49:01,4.25,103.4167,77.0,94,25,6.02
308,Joao Pinheiro,BR,2021-03-21 18:49:02,-17.7425,-46.1725,78.69,61,37,5.12
309,Jerez,GT,2021-03-21 18:49:02,14.1,-89.75,86.0,37,20,6.91
310,Guerrero Negro,MX,2021-03-21 18:49:03,27.9769,-114.0611,65.71,48,99,18.03
311,Gasa,PS,2021-03-21 18:49:03,31.5,34.4667,73.99,48,100,7.36
312,Boralday,KZ,2021-03-21 18:49:03,43.3578,76.8594,35.6,93,75,6.71
313,Qaqortoq,GL,2021-03-21 18:49:04,60.7167,-46.0333,26.6,68,75,11.5
314,Goderich,CA,2021-03-21 18:49:04,43.7501,-81.7165,55.4,28,0,11.5
315,Bethel,US,2021-03-21 18:49:04,41.3712,-73.414,64.0,16,1,5.75
316,Hervey Bay,AU,2021-03-21 18:47:44,-25.2986,152.8535,77.0,83,86,5.01
317,Payakumbuh,ID,2021-03-21 18:49:05,-0.2202,100.6308,70.41,98,100,2.77
318,Ambilobe,MG,2021-03-21 18:49:05,-13.2,49.05,75.67,92,95,2.21
319,Granja,BR,2021-03-21 18:49:05,-3.1203,-40.8261,81.61,84,37,6.67
320,Alice Springs,AU,2021-03-21 18:49:06,-23.7,133.8833,64.4,100,90,4.61
321,Atasu,KZ,2021-03-21 18:49:06,48.6814,71.6433,34.21,99,100,10.22
322,Tambopata,PE,2021-03-21 18:49:07,-12.7333,-69.1833,77.0,88,75,8.05
323,San Patricio,US,2021-03-21 18:49:07,28.017,-97.5169,77.0,43,20,10.83
324,Pringsewu,ID,2021-03-21 18:49:07,-5.3582,104.9744,73.45,96,79,3.02
325,Baykit,RU,2021-03-21 18:49:08,61.67,96.37,-4.22,98,100,4.25
326,Gamba,GA,2021-03-21 18:49:08,-2.65,10.0,76.75,85,100,4.99
327,The Valley,AI,2021-03-21 18:45:24,18.217,-63.0578,84.2,57,20,12.66
328,Lubao,PH,2021-03-21 18:49:08,14.9167,120.55,80.6,88,40,2.3
329,Bandarbeyla,SO,2021-03-21 18:49:09,9.4942,50.8122,78.3,68,0,8.61
330,Alyangula,AU,2021-03-21 18:49:09,-13.8483,136.4192,81.55,80,89,8.61
331,Arrifes,PT,2021-03-21 18:49:09,37.7667,-25.7,59.0,77,75,6.91
332,Auki,SB,2021-03-21 18:49:10,-8.7676,160.7034,75.47,83,100,3.89
333,Yar-Sale,RU,2021-03-21 18:49:10,66.8333,70.8333,-3.77,98,100,5.39
334,Uberaba,BR,2021-03-21 18:49:10,-19.7483,-47.9319,86.0,37,0,5.75
335,Ibanda,TZ,2021-03-21 18:49:11,-2.7974,32.4746,69.8,94,75,3.0
336,Zyuzelskiy,RU,2021-03-21 18:49:11,56.4856,60.1331,17.6,86,40,4.47
337,Khomutovo,RU,2021-03-21 18:49:12,52.4658,104.4025,28.4,74,0,4.47
338,Bogale,MM,2021-03-21 18:49:12,16.2833,95.4,70.99,92,0,6.98
339,Tadine,NC,2021-03-21 18:49:12,-21.55,167.8833,74.43,80,7,15.3
340,Methven,NZ,2021-03-21 18:49:13,-43.6333,171.65,54.0,95,73,0.78
341,Waitara,NZ,2021-03-21 18:49:13,-38.925,174.25,51.01,67,9,8.01
342,Ocos,GT,2021-03-21 18:49:13,14.5094,-92.1933,89.6,58,20,11.5
343,Okakarara,NA,2021-03-21 18:49:14,-20.5833,17.4333,68.79,81,90,8.23
344,Kutum,SD,2021-03-21 18:49:14,14.2,24.6667,77.41,15,100,8.59
345,Hofn,IS,2021-03-21 18:49:14,64.2539,-15.2082,44.02,84,100,14.88
346,Ulladulla,AU,2021-03-21 18:49:15,-35.35,150.4667,64.4,100,40,10.36
347,Ponta Delgada,PT,2021-03-21 18:49:15,37.7333,-25.6667,59.0,77,75,6.91
348,Anori,BR,2021-03-21 18:49:15,-3.7728,-61.6442,86.29,61,94,4.83
349,Namibe,AO,2021-03-21 18:49:16,-15.1961,12.1522,73.15,80,45,6.44
350,Catalina,US,2021-03-21 18:44:27,32.5056,-110.9211,75.0,17,15,5.01
351,Shingu,JP,2021-03-21 18:46:58,33.7333,135.9833,48.97,69,2,10.45
352,Kadungora,ID,2021-03-21 18:49:16,-7.0899,107.8864,70.07,96,98,0.89
353,Fort Nelson,CA,2021-03-21 18:49:17,58.8053,-122.7002,14.0,52,75,4.61
354,Chimbarongo,CL,2021-03-21 18:49:17,-34.7,-71.05,77.0,36,0,4.61
355,Tecpan,GT,2021-03-21 18:49:18,14.7623,-90.9947,77.0,46,20,13.8
356,Bambous Virieux,MU,2021-03-21 18:49:18,-20.3428,57.7575,80.01,89,75,10.36
357,Temba,ZA,2021-03-21 18:49:19,-25.3803,28.2631,73.4,56,47,3.44
358,Krasnoshchekovo,RU,2021-03-21 18:49:19,51.6708,82.7289,31.1,82,76,10.49
359,Lagos,NG,2021-03-21 18:49:16,6.5833,3.75,81.57,79,40,7.23
360,Sao Filipe,CV,2021-03-21 18:49:19,14.8961,-24.4956,71.91,68,100,8.79
361,Tanete,ID,2021-03-21 18:49:20,-3.9443,119.7848,76.3,93,100,1.68
362,Terme,TR,2021-03-21 18:49:20,41.2092,36.9739,50.0,93,90,2.3
363,Tateyama,JP,2021-03-21 18:49:20,34.9833,139.8667,61.0,75,98,4.0
364,Naberera,TZ,2021-03-21 18:49:21,-4.2,36.9333,66.18,79,56,7.4
365,Virginia Beach,US,2021-03-21 18:48:21,36.8529,-75.978,57.0,62,75,17.27
366,Ossora,RU,2021-03-21 18:49:21,59.2353,163.0719,-5.44,74,0,1.9
367,Shihezi,CN,2021-03-21 18:49:21,44.3,86.0333,32.86,56,100,2.64
368,Cienaga,CO,2021-03-21 18:49:22,11.007,-74.2476,91.4,58,20,4.61
369,Privolzhsk,RU,2021-03-21 18:49:22,57.3808,41.2886,26.42,94,100,13.31
370,Aripuana,BR,2021-03-21 18:49:23,-9.1667,-60.6333,79.77,79,99,1.79
371,Dunmore Town,BS,2021-03-21 18:49:23,25.5,-76.65,74.84,75,18,7.49
372,Englewood,US,2021-03-21 18:45:10,39.6478,-104.9878,43.0,65,90,12.66
373,Arinos,BR,2021-03-21 18:49:23,-15.9169,-46.1056,82.08,60,64,7.38
374,Callaway,US,2021-03-21 18:49:24,30.153,-85.5699,63.0,77,90,11.5
375,Tessalit,ML,2021-03-21 18:49:24,20.1986,1.0114,81.88,10,44,11.59
376,Tucuman,AR,2021-03-21 18:45:16,-26.8241,-65.2226,73.4,60,90,5.75
377,Dunedin,NZ,2021-03-21 18:49:25,-45.8742,170.5036,54.0,83,100,1.01
378,Kahului,US,2021-03-21 18:49:25,20.8947,-156.47,69.8,88,75,17.27
379,Iqaluit,CA,2021-03-21 18:48:00,63.7506,-68.5145,-7.6,71,75,3.44
380,Rio Gallegos,AR,2021-03-21 18:48:53,-51.6226,-69.2181,66.2,32,0,12.66
381,Eureka,US,2021-03-21 18:48:54,40.8021,-124.1637,52.0,70,0,8.99
382,Broome,US,2021-03-21 18:49:26,42.2506,-75.833,61.0,18,0,1.01
383,Ahipara,NZ,2021-03-21 18:49:26,-35.1667,173.1667,56.48,84,0,4.81
384,Villaviciosa,ES,2021-03-21 18:49:27,43.4813,-5.4357,54.0,84,3,3.0
385,Barranca,PE,2021-03-21 18:49:27,-10.75,-77.7667,77.38,64,34,9.57
386,Pandan,PH,2021-03-21 18:49:28,14.0453,124.1694,79.03,87,40,9.26
387,Fort Saint James,CA,2021-03-21 18:49:28,54.4333,-124.25,37.81,64,100,13.2
388,Iaciara,BR,2021-03-21 18:49:28,-14.0958,-46.6317,82.83,62,99,4.03
389,Teknaf,BD,2021-03-21 18:49:29,20.8624,92.3058,75.18,55,65,5.73
390,Tilichiki,RU,2021-03-21 18:49:29,60.4667,166.1,-14.51,89,0,4.18
391,San Jose,US,2021-03-21 18:48:30,37.3394,-121.895,61.0,54,20,10.36
392,Todos Santos,MX,2021-03-21 18:49:30,23.45,-110.2167,93.0,13,0,1.99
393,Meulaboh,ID,2021-03-21 18:49:30,4.1363,96.1285,76.96,89,78,4.09
394,Yamethin,MM,2021-03-21 18:49:30,20.4333,96.15,76.3,26,46,3.47
395,Methoni,GR,2021-03-21 18:49:31,36.8197,21.7049,59.0,82,0,3.44
396,Lasa,IT,2021-03-21 18:49:31,46.6166,10.7002,53.6,69,40,10.36
397,Port Hardy,CA,2021-03-21 18:45:10,50.6996,-127.4199,41.0,87,90,13.8
398,Kuala Lipis,MY,2021-03-21 18:46:07,4.1842,102.0468,74.57,85,92,0.63
399,Padang,ID,2021-03-21 18:49:31,-0.9492,100.3543,73.4,100,90,2.3
400,Kattivakkam,IN,2021-03-21 18:49:32,13.2167,80.3167,82.4,69,20,3.44
401,Buenos Aires,AR,2021-03-21 18:45:53,-34.6132,-58.3772,75.99,60,75,4.61
402,Quang Ngai,VN,2021-03-21 18:49:32,15.1167,108.8,72.63,91,4,6.42
403,Barra Do Corda,BR,2021-03-21 18:49:32,-5.5,-45.25,83.88,81,78,3.18
404,Melito Di Porto Salvo,IT,2021-03-21 18:49:33,37.9222,15.7714,52.0,93,90,8.05
405,Bontang,ID,2021-03-21 18:49:33,0.1333,117.5,80.4,85,100,6.35
406,Sao Raimundo Nonato,BR,2021-03-21 18:49:33,-9.0153,-42.6994,85.51,54,73,7.78
407,Beira,MZ,2021-03-21 18:49:34,-19.8436,34.8389,78.8,83,20,6.91
408,Karratha,AU,2021-03-21 18:49:34,-20.7377,116.8463,78.71,57,0,6.24
409,Progreso,MX,2021-03-21 18:49:35,21.2833,-89.6667,84.0,47,40,11.41
410,Villa Maria,AR,2021-03-21 18:49:35,-32.4075,-63.2402,78.01,37,0,1.99
411,Monroe,US,2021-03-21 18:49:35,43.1501,-77.6831,64.0,55,1,3.0
412,Hovd,MN,2021-03-21 18:49:36,48.0056,91.6419,28.18,28,100,4.14
413,Asosa,ET,2021-03-21 18:49:36,10.0667,34.5333,71.69,50,24,0.72
414,Hukuntsi,BW,2021-03-21 18:49:36,-24.0,21.75,75.4,50,71,9.66
415,Alekseyevsk,RU,2021-03-21 18:49:37,57.8406,108.3492,12.63,96,100,2.75
416,Nemuro,JP,2021-03-21 18:49:37,43.3236,145.575,36.61,98,100,19.98
417,Helena,US,2021-03-21 18:46:46,46.5927,-112.0361,46.0,39,75,12.66
418,Kitami,JP,2021-03-21 18:45:02,43.8031,143.8908,35.01,86,100,3.0
419,Altenholz,DE,2021-03-21 18:49:38,54.4,10.1333,41.0,70,40,11.5
420,Solnechnyy,RU,2021-03-21 18:49:38,50.7214,136.6319,20.34,94,100,6.24
421,Bima,ID,2021-03-21 18:49:39,-8.4667,118.7167,76.44,93,100,1.59
422,Umm Kaddadah,SD,2021-03-21 18:49:39,13.6017,26.6876,88.21,14,100,9.13
423,Bosaso,SO,2021-03-21 18:49:39,11.2842,49.1816,76.41,69,0,1.9
424,General Roca,AR,2021-03-21 18:49:40,-39.0333,-67.5833,80.6,22,0,13.8
425,Sioux Lookout,CA,2021-03-21 18:49:40,50.1001,-91.917,53.6,43,90,12.66
426,Port Lincoln,AU,2021-03-21 18:49:40,-34.7333,135.8667,67.93,76,7,8.48
427,Lipin Bor,RU,2021-03-21 18:49:41,60.2622,37.9763,28.06,94,100,10.4
428,Zyryanka,RU,2021-03-21 18:49:41,65.75,150.85,-8.75,83,100,6.2
429,Santo Antonio Do Ica,BR,2021-03-21 18:49:41,-3.1022,-67.9397,92.07,48,35,4.09
430,Kloulklubed,PW,2021-03-21 18:49:42,7.0419,134.2556,77.0,94,75,4.61
431,Sandnessjoen,NO,2021-03-21 18:49:42,66.0217,12.6316,32.0,100,90,10.36
432,Nyurba,RU,2021-03-21 18:49:42,63.2842,118.3319,-23.78,96,78,6.06
433,Launceston,AU,2021-03-21 18:49:43,-41.45,147.1667,54.0,87,10,1.14
434,Gambat,PK,2021-03-21 18:49:43,27.3515,68.5205,71.6,64,75,23.02
435,Lagoa Vermelha,BR,2021-03-21 18:49:43,-28.2086,-51.5258,74.61,85,100,6.96
436,Alpinopolis,BR,2021-03-21 18:49:44,-20.8636,-46.3881,77.95,63,2,4.72
437,Pisco,PE,2021-03-21 18:49:44,-13.7,-76.2167,78.8,53,0,13.8
438,Spornoye,RU,2021-03-21 18:49:44,50.8448,37.2913,32.0,74,75,4.47
439,Grindavik,IS,2021-03-21 18:49:45,63.8424,-22.4338,44.6,87,90,32.21
440,Stornoway,GB,2021-03-21 18:49:45,58.2093,-6.3865,46.99,87,90,9.22
441,Banda Aceh,ID,2021-03-21 18:49:45,5.5577,95.3222,80.1,74,100,3.33
442,Megion,RU,2021-03-21 18:49:46,61.0296,76.1136,10.4,85,0,6.71
443,Tigil,RU,2021-03-21 18:49:46,57.8,158.6667,0.7,84,100,4.43
444,Awjilah,LY,2021-03-21 18:49:47,29.1081,21.2869,72.41,28,81,15.86
445,Tondano,ID,2021-03-21 18:49:47,1.3038,124.9112,75.2,94,40,1.14
446,Itacarambi,BR,2021-03-21 18:49:47,-15.1022,-44.0919,82.78,57,93,5.12
447,Dickinson,US,2021-03-21 18:49:47,29.4608,-95.0513,66.99,59,75,5.75
448,East Renton Highlands,US,2021-03-21 18:49:48,47.4848,-122.1123,44.01,81,90,6.91
449,Seydisehir,TR,2021-03-21 18:49:49,37.4193,31.8453,46.99,65,0,4.5
450,Jabinyanah,TN,2021-03-21 18:49:49,35.035,10.9081,57.2,44,40,16.11
451,Sneek,NL,2021-03-21 18:49:49,53.033,5.6589,42.01,88,100,5.99
452,Gap,FR,2021-03-21 18:49:50,44.6667,6.0,35.01,74,69,7.0
453,Ipixuna,BR,2021-03-21 18:49:50,-1.7625,-48.8043,77.0,88,40,5.75
454,Sola,VU,2021-03-21 18:49:50,-13.8833,167.55,73.4,100,100,3.44
455,Port Hedland,AU,2021-03-21 18:49:51,-20.3167,118.5667,73.4,73,34,4.61
456,Ojinaga,MX,2021-03-21 18:49:51,29.5667,-104.4167,75.99,20,1,3.44
457,Kargasok,RU,2021-03-21 18:49:51,59.0556,80.8572,20.89,91,88,10.42
458,Ocampo,MX,2021-03-21 18:49:51,21.65,-101.5,79.0,19,0,11.23
459,Pala,TD,2021-03-21 18:49:52,9.3642,14.9046,91.06,22,100,3.67
460,Magnitogorsk,RU,2021-03-21 18:49:52,53.4186,59.0472,17.6,73,40,8.95
461,Kolno,PL,2021-03-21 18:49:53,53.4115,21.9291,33.8,86,0,6.91
462,Baruun-Urt,MN,2021-03-21 18:49:53,46.6806,113.2792,25.39,46,8,11.52
463,Wahiawa,US,2021-03-21 18:48:49,21.5028,-158.0236,73.0,94,90,6.91
464,Gat,IL,2021-03-21 18:49:53,31.61,34.7642,73.99,48,100,7.0
465,Uitenhage,ZA,2021-03-21 18:49:54,-33.7576,25.3971,62.6,82,40,9.22
466,Poum,NC,2021-03-21 18:49:54,-20.2333,164.0167,78.01,75,84,11.54
467,Ust-Karsk,RU,2021-03-21 18:49:55,52.7011,118.8077,20.16,92,100,3.69
468,Atar,MR,2021-03-21 18:49:55,20.5169,-13.0499,86.0,16,96,6.91
469,West Bay,KY,2021-03-21 18:49:55,19.3667,-81.4167,84.2,65,20,13.8
470,Alappuzha,IN,2021-03-21 18:49:56,9.49,76.3264,81.21,76,87,1.72
471,Camopi,GF,2021-03-21 18:49:56,3.1655,-52.3158,81.46,89,100,3.44
472,Zhigalovo,RU,2021-03-21 18:49:57,54.8097,105.1578,30.16,92,100,6.91
473,Mahebourg,MU,2021-03-21 18:49:57,-20.4081,57.7,78.8,89,75,10.36
474,Murgab,TM,2021-03-21 18:49:57,37.4966,61.9714,59.0,55,90,8.39
475,Saint Helens,GB,2021-03-21 18:49:58,53.45,-2.7333,48.2,71,75,9.22
476,Borogontsy,RU,2021-03-21 18:49:58,62.6683,131.1683,-11.63,96,100,9.95
477,Kirkland Lake,CA,2021-03-21 18:49:58,48.1446,-80.0377,57.2,18,0,12.91
478,Doka,SD,2021-03-21 18:47:08,13.5167,35.7667,90.59,9,61,4.12
479,Tezu,IN,2021-03-21 18:49:59,27.9167,96.1667,74.37,32,18,4.41
480,Hay River,CA,2021-03-21 18:47:50,60.8156,-115.7999,-0.4,71,88,9.22
481,Quesnel,CA,2021-03-21 18:49:59,52.9999,-122.5029,33.8,80,40,8.05
482,Toyooka,JP,2021-03-21 18:50:00,35.5333,134.8333,45.43,80,93,11.34
483,Panaba,MX,2021-03-21 18:50:00,21.2833,-88.2667,87.78,36,4,6.82
484,Panguna,PG,2021-03-21 18:50:00,-6.3164,155.4848,68.45,94,95,2.19
485,Waitati,NZ,2021-03-21 18:50:01,-45.75,170.5667,54.0,79,99,10.0
486,Baudh,IN,2021-03-21 18:50:01,20.8416,84.3213,76.41,25,25,3.67
487,Mandalgovi,MN,2021-03-21 18:50:01,45.7625,106.2708,26.92,32,0,14.45
488,Quatre Cocos,MU,2021-03-21 18:50:02,-20.2078,57.7625,80.01,89,75,10.36
489,Kilosa,TZ,2021-03-21 18:50:03,-6.8333,36.9833,72.21,92,71,1.54
490,Ha Tinh,VN,2021-03-21 18:50:04,18.3333,105.9,61.29,90,100,10.47
491,Aklavik,CA,2021-03-21 18:50:04,68.2191,-135.0107,-16.6,76,40,2.3
492,Bangassou,CF,2021-03-21 18:50:04,4.7413,22.8184,69.89,96,100,3.24
493,Matamoros,MX,2021-03-21 18:48:08,25.5333,-103.25,77.0,25,1,2.48
494,Pozo Colorado,PY,2021-03-21 18:50:05,-23.4923,-58.7972,73.27,94,100,10.94
495,North Myrtle Beach,US,2021-03-21 18:50:05,33.816,-78.68,64.99,55,90,25.32
496,Wamba,NG,2021-03-21 18:50:05,8.9333,8.6,91.6,25,100,2.06
497,Labuhan,ID,2021-03-21 18:50:06,-6.8844,112.2051,78.73,85,100,5.7
498,Areka,ET,2021-03-21 18:50:06,7.0667,37.7,63.39,69,61,6.24
499,Southbridge,US,2021-03-21 18:50:07,42.0751,-72.0334,64.99,19,75,0.31
500,Flinders,AU,2021-03-21 18:50:07,-34.5833,150.8552,69.01,98,100,4.0
501,Bridgetown,BB,2021-03-21 18:50:08,13.1,-59.6167,84.2,54,20,20.71
502,Sao Borja,BR,2021-03-21 18:46:21,-28.6606,-56.0044,77.49,69,100,8.32
503,Dwarka,IN,2021-03-21 18:50:08,22.2394,68.9678,77.05,80,0,12.57
504,Grand-Santi,GF,2021-03-21 18:50:09,4.25,-54.3833,82.6,88,100,2.73
505,Kasama,ZM,2021-03-21 18:50:09,-10.2129,31.1808,63.5,91,100,4.14
506,Sokolo,ML,2021-03-21 18:50:09,14.7328,-6.1219,92.46,24,38,5.01
507,Creel,MX,2021-03-21 18:46:10,27.75,-107.6333,67.46,19,0,18.32
508,Dali,CN,2021-03-21 18:50:10,25.7,100.1833,53.53,59,0,4.21
509,Beni Suef,EG,2021-03-21 18:50:10,29.0731,31.0979,85.95,18,95,14.5
510,Jingdezhen,CN,2021-03-21 18:50:11,29.2947,117.2079,45.91,73,20,4.83
511,Polunochnoye,RU,2021-03-21 18:50:11,60.8697,60.4153,12.22,89,9,5.19
512,Genhe,CN,2021-03-21 18:50:11,50.7833,121.5167,9.88,95,100,2.95
513,Saint-Francois,FR,2021-03-21 18:50:12,46.4154,3.9054,42.01,87,90,8.05
514,Sumbawanga,TZ,2021-03-21 18:50:12,-7.9667,31.6167,66.2,68,20,0.92
515,Senneterre,CA,2021-03-21 18:50:12,48.3835,-77.2328,53.6,24,1,10.36
516,Rudnyy,KZ,2021-03-21 18:50:13,52.9594,63.1206,23.0,86,0,6.71
517,Palu,ID,2021-03-21 18:50:13,-0.8917,119.8707,75.69,92,88,2.93
518,Xinyu,CN,2021-03-21 18:50:14,27.8043,114.9334,49.62,85,100,3.06
519,Ouadda,CF,2021-03-21 18:50:14,8.0777,22.4007,77.05,65,100,6.42
520,Belmonte,BR,2021-03-21 18:50:14,-15.8631,-38.8828,87.8,70,75,4.61
521,Sibolga,ID,2021-03-21 18:50:15,1.7427,98.7792,76.78,87,99,2.82
522,Srednekolymsk,RU,2021-03-21 18:50:15,67.45,153.6833,-11.29,74,49,5.08
523,Cuamba,MZ,2021-03-21 18:50:15,-14.8031,36.5372,70.59,95,64,3.31
